id,user_id,exercise_name,core_movement,body_part_weights,workout_category,info,created_at
0058c0cd-0f54-45c9-bc1a-a257428e0020,,Row Band,row,"[{""muscle"":""back"",""weight"":0.6},{""muscle"":""biceps"",""weight"":0.3},{""muscle"":""shoulders"",""weight"":0.1}]",Band,Horizontal pull using band,2025-12-03 12:18:14.687086+00
01776cdf-2545-4ce6-9ad6-2ccf0afe060f,,Pullover Dumbbell,pull_down,"[{""muscle"":""chest"",""weight"":0.5},{""muscle"":""back"",""weight"":0.5}]",Dumbbell,Pullover across bench for chest and lats,2025-12-03 12:18:14.687086+00
02588147-0424-4a40-a05b-2aa2a104f924,,Straight Arm Pulldown Cable,pull_down,"[{""muscle"":""back"",""weight"":0.6},{""muscle"":""biceps"",""weight"":0.3},{""muscle"":""shoulders"",""weight"":0.1}]",Cable,Lat focused straight arm pulldown,2025-12-03 12:18:14.687086+00
02c0582a-4468-4014-8f8d-fda2febcdaae,,Reverse Curl EZ-Bar,bicep_curl,"[{""muscle"":""biceps"",""weight"":0.7},{""muscle"":""forearms"",""weight"":0.2},{""muscle"":""shoulders"",""weight"":0.1}]",EZ-Bar,Pronated grip curl on EZ bar,2026-03-15 02:35:51.198472+00
02c87bf8-1c98-444b-99bb-0588f12423f6,,Incline Press Smith Machine,chest_push,"[{""muscle"":""chest"",""weight"":0.5},{""muscle"":""shoulders"",""weight"":0.3},{""muscle"":""triceps"",""weight"":0.2}]",Smith Machine,Incline press in Smith,2026-03-15 02:35:51.198472+00
034b0141-e405-4b5c-b5fb-3bd434f156e6,,Glute Bridge Band,glute_bridge,"[{""muscle"":""glutes"",""weight"":0.6},{""muscle"":""hamstrings"",""weight"":0.2},{""muscle"":""quads"",""weight"":0.1},{""muscle"":""core"",""weight"":0.1}]",Band,Glute bridge with band around knees,2025-12-03 12:18:14.687086+00
03724754-05dd-408d-804f-8bc4436c1eb4,,Bulgarian Split Squat Dumbbell,lunge,"[{""muscle"":""quads"",""weight"":0.4},{""muscle"":""glutes"",""weight"":0.3},{""muscle"":""hamstrings"",""weight"":0.2},{""muscle"":""core"",""weight"":0.1}]",Dumbbell,Rear foot elevated split squat,2026-03-15 02:35:51.198472+00
063380ce-fa65-4bed-b81d-372b6d306a09,,Walking Lunge,lunge,"[{""muscle"":""quads"",""weight"":0.4},{""muscle"":""glutes"",""weight"":0.3},{""muscle"":""hamstrings"",""weight"":0.2},{""muscle"":""core"",""weight"":0.1}]",Bodyweight,Unloaded walking lunge,2025-12-03 12:18:14.687086+00
069e5729-21fd-4952-842b-d3ce702cdba1,,Deadlift Kettlebell,hinge,"[{""muscle"":""glutes"",""weight"":0.3},{""muscle"":""hamstrings"",""weight"":0.3},{""muscle"":""back"",""weight"":0.2},{""muscle"":""core"",""weight"":0.1},{""muscle"":""quads"",""weight"":0.1}]",Kettlebell,Deadlift using kettlebell,2025-12-03 12:18:14.687086+00
0d0029cd-fba1-4ec6-aea9-ba523f2aaba3,,Deadlift Trap Bar,hinge,"[{""muscle"":""glutes"",""weight"":0.3},{""muscle"":""hamstrings"",""weight"":0.3},{""muscle"":""back"",""weight"":0.2},{""muscle"":""core"",""weight"":0.1},{""muscle"":""quads"",""weight"":0.1}]",Trap Bar,Deadlift using trap bar,2025-12-03 12:18:14.687086+00
0d7643a4-6ea8-4dcb-8821-34a492f246b4,,Biceps Curl Band,bicep_curl,"[{""muscle"":""biceps"",""weight"":0.7},{""muscle"":""forearms"",""weight"":0.2},{""muscle"":""shoulders"",""weight"":0.1}]",Band,Curl using resistance band,2025-12-03 12:18:14.687086+00
0ec2307e-6db2-4461-aaaf-ea10ee07d5cc,,Shoulder Press Dumbbell,overhead_push,"[{""muscle"":""chest"",""weight"":0.5},{""muscle"":""shoulders"",""weight"":0.3},{""muscle"":""triceps"",""weight"":0.2}]",Dumbbell,Overhead press with dumbbells,2026-03-15 02:35:51.198472+00
0fa90774-34a3-4bd5-b568-93da60886e4d,,Overhead Tricep Extension Cable,tricep_extension,"[{""muscle"":""triceps"",""weight"":0.8},{""muscle"":""shoulders"",""weight"":0.1},{""muscle"":""chest"",""weight"":0.1}]",Cable,,2026-03-27 04:43:37.893541+00
1611b0cd-b774-4112-bd20-e38a500f0dfe,,Romanian Deadlift Dumbbell,hinge,"[{""muscle"":""glutes"",""weight"":0.3},{""muscle"":""hamstrings"",""weight"":0.3},{""muscle"":""back"",""weight"":0.2},{""muscle"":""core"",""weight"":0.1},{""muscle"":""quads"",""weight"":0.1}]",Dumbbell,Hip hinge using dumbbells,2026-03-15 02:35:51.198472+00
17130f07-3e02-4a02-a468-e2f4c5aac8b8,,Incline Bench Press Barbell,chest_push,"[{""muscle"":""chest"",""weight"":0.5},{""muscle"":""shoulders"",""weight"":0.3},{""muscle"":""triceps"",""weight"":0.2}]",Barbell,Incline bench press targeting upper chest,2025-12-03 12:18:14.687086+00
17318c14-633f-4f9f-956b-722af10934b8,,Overhead Press Barbell,overhead_push,"[{""muscle"":""chest"",""weight"":0.5},{""muscle"":""shoulders"",""weight"":0.3},{""muscle"":""triceps"",""weight"":0.2}]",Barbell,Standing press overhead,2025-12-03 12:18:14.687086+00
177b6d15-522b-45aa-ac13-7f73814052ea,,Snatch Kettlebell,other,"[{""muscle"":""full_body"",""weight"":1.0}]",Kettlebell,Overhead snatch with kettlebell,2025-12-03 12:18:14.687086+00
18561d0d-c43c-464e-94d4-55a149f87b80,,Hip Thrust Barbell,glute_bridge,"[{""muscle"":""glutes"",""weight"":0.6},{""muscle"":""hamstrings"",""weight"":0.2},{""muscle"":""quads"",""weight"":0.1},{""muscle"":""core"",""weight"":0.1}]",Barbell,Hip extension with shoulders on bench,2025-12-03 12:18:14.687086+00
18eb987f-ce88-4a77-ace7-d4a2c357d79c,,One Arm Row Dumbbell,row,"[{""muscle"":""back"",""weight"":0.6},{""muscle"":""biceps"",""weight"":0.3},{""muscle"":""shoulders"",""weight"":0.1}]",Dumbbell,Single arm row supported on bench,2026-03-15 02:35:51.198472+00
19666f5d-c270-40b5-b617-91ebf75403da,,Row Smith Machine,row,"[{""muscle"":""back"",""weight"":0.6},{""muscle"":""biceps"",""weight"":0.3},{""muscle"":""shoulders"",""weight"":0.1}]",Smith Machine,Bent row using Smith bar,2026-03-15 02:35:51.198472+00
199f80ad-12fc-4f51-816c-d759fd3d0cba,,Lateral Raise Dumbbell,shoulder_raise,"[{""muscle"":""shoulders"",""weight"":0.9},{""muscle"":""triceps"",""weight"":0.1}]",Dumbbell,Side raise for lateral delts,2025-12-03 12:18:14.687086+00
1b5eea17-7c6f-46ee-a154-56873cc35bba,,Bench Press Smith Machine,chest_push,"[{""muscle"":""chest"",""weight"":0.5},{""muscle"":""shoulders"",""weight"":0.3},{""muscle"":""triceps"",""weight"":0.2}]",Smith Machine,Flat bench press in Smith,2025-12-03 12:18:14.687086+00
1beeefad-6931-4d62-87d3-2d6b7e8039d1,,Shoulder Press Smith Machine,overhead_push,"[{""muscle"":""chest"",""weight"":0.5},{""muscle"":""shoulders"",""weight"":0.3},{""muscle"":""triceps"",""weight"":0.2}]",Smith Machine,Seated or standing Smith press,2026-03-15 02:35:51.198472+00
1c6647c2-e3b9-4ca1-9d81-c7176fac346b,,Chest Fly Cable,chest_fly,"[{""muscle"":""chest"",""weight"":0.7},{""muscle"":""shoulders"",""weight"":0.2},{""muscle"":""biceps"",""weight"":0.1}]",Cable,Standing cable fly for chest,2025-12-03 12:18:14.687086+00
1ccc80a7-cbcd-40e1-b669-1995654b7098,,Walking Lunge Dumbbell,lunge,"[{""muscle"":""quads"",""weight"":0.4},{""muscle"":""glutes"",""weight"":0.3},{""muscle"":""hamstrings"",""weight"":0.2},{""muscle"":""core"",""weight"":0.1}]",Dumbbell,Alternating lunge while walking,2026-03-15 02:35:51.198472+00
1d91a481-270f-49be-a6a5-a065cfd45c58,,Decline Push Up,chest_push,"[{""muscle"":""chest"",""weight"":0.5},{""muscle"":""shoulders"",""weight"":0.3},{""muscle"":""triceps"",""weight"":0.2}]",Bodyweight,Feet elevated push up,2026-03-15 02:35:51.198472+00
1dbf4ffb-3beb-45ab-9e08-f6bb1f2340d4,,Triceps Pressdown Band,tricep_extension,"[{""muscle"":""chest"",""weight"":0.5},{""muscle"":""shoulders"",""weight"":0.3},{""muscle"":""triceps"",""weight"":0.2}]",Band,Band triceps extension,2026-03-15 02:35:51.198472+00
1e5fc748-3270-46c0-9d6f-54843e7bd0fe,,Back Extension Machine,tricep_extension,"[{""muscle"":""triceps"",""weight"":0.8},{""muscle"":""shoulders"",""weight"":0.1},{""muscle"":""chest"",""weight"":0.1}]",Machine,Hyperextension style back machine,2026-03-15 02:35:51.198472+00
204ccd62-cb03-44a6-a41a-b6f90bcb25de,,Lying Leg Curl Machine,leg_curl,"[{""muscle"":""hamstrings"",""weight"":0.9},{""muscle"":""glutes"",""weight"":0.1}]",Machine,Prone machine curl for hamstrings,2026-03-15 02:35:51.198472+00
211460c6-cc5c-4d12-9422-e827796b0e56,,Slam Medicine Ball,rotation,"[{""muscle"":""full_body"",""weight"":0.5},{""muscle"":""core"",""weight"":0.5}]",Medicine Ball,Overhead slam to floor,2026-03-15 02:35:51.198472+00
211a00e5-d54b-4356-94ea-e46cf7a549b1,,Incline Curl Dumbbell,bicep_curl,"[{""muscle"":""biceps"",""weight"":0.7},{""muscle"":""forearms"",""weight"":0.2},{""muscle"":""shoulders"",""weight"":0.1}]",Dumbbell,Seated incline curl for biceps,2025-12-03 12:18:14.687086+00
2165a255-8826-482d-94ae-48ce93e3591d,,Leg Press Machine,leg_press,"[{""muscle"":""chest"",""weight"":0.5},{""muscle"":""shoulders"",""weight"":0.3},{""muscle"":""triceps"",""weight"":0.2}]",Machine,Seated machine press for legs,2025-12-03 12:18:14.687086+00
24c89494-deef-47e4-a420-9152b883eddc,,Chest Pass Medicine Ball,chest_push,"[{""muscle"":""chest"",""weight"":0.5},{""muscle"":""triceps"",""weight"":0.5}]",Medicine Ball,Explosive pass from chest,2026-03-15 02:35:51.198472+00
2532241f-ea57-4e48-80a5-1d455b8b803f,,Hanging Leg Raise,hang,"[{""muscle"":""back"",""weight"":0.4},{""muscle"":""forearms"",""weight"":0.4},{""muscle"":""shoulders"",""weight"":0.2}]",Bodyweight,Leg raise from bar hang,2026-03-15 02:35:51.198472+00
26228b27-9c44-4c5d-a6b2-e399904ce4c4,,Close Grip Bench Press Barbell,chest_push,"[{""muscle"":""chest"",""weight"":0.5},{""muscle"":""shoulders"",""weight"":0.3},{""muscle"":""triceps"",""weight"":0.2}]",Barbell,Narrow grip bench for triceps emphasis,2025-12-03 12:18:14.687086+00
28024b07-1353-415c-b14b-4f907c840d25,,Leg Extension Machine,leg_extension,"[{""muscle"":""quads"",""weight"":1.0}]",Machine,Seated knee extension machine,2026-03-15 02:35:51.198472+00
2adba77c-4cae-470c-8a76-cf23af73a9d7,,Biceps Curl Barbell,bicep_curl,"[{""muscle"":""biceps"",""weight"":0.7},{""muscle"":""forearms"",""weight"":0.2},{""muscle"":""shoulders"",""weight"":0.1}]",Barbell,Standing barbell curl for biceps,2026-03-15 02:35:51.198472+00
2b256cdd-37d9-45d8-a078-b87e44e8ff52,,Pull Up,pull_down,"[{""muscle"":""back"",""weight"":0.6},{""muscle"":""biceps"",""weight"":0.3},{""muscle"":""shoulders"",""weight"":0.1}]",Bodyweight,Overhand grip vertical pull,2026-03-15 02:35:51.198472+00
2c4e9809-64f1-45f4-b650-5df89fe14254,,Mountain Climber,other,"[{""muscle"":""core"",""weight"":0.5},{""muscle"":""full_body"",""weight"":0.5}]",Bodyweight,Alternating knee drive in plank,2025-12-03 12:18:14.687086+00
2d3b4d1b-c1a3-457b-ac8b-af89028a952f,,Diamond Push Up,chest_push,"[{""muscle"":""chest"",""weight"":0.5},{""muscle"":""shoulders"",""weight"":0.3},{""muscle"":""triceps"",""weight"":0.2}]",Bodyweight,Close hand push up,2026-03-15 02:35:51.198472+00
2fc43cfc-7755-4794-ad89-37938111deea,,Front Squat Barbell,squat,"[{""muscle"":""quads"",""weight"":0.5},{""muscle"":""glutes"",""weight"":0.3},{""muscle"":""hamstrings"",""weight"":0.1},{""muscle"":""core"",""weight"":0.1}]",Barbell,Squat with bar on front rack position,2026-03-15 02:35:51.198472+00
349a7ef5-0331-42e3-8128-a88691a53f63,,Fly Dumbbell,chest_fly,"[{""muscle"":""chest"",""weight"":0.7},{""muscle"":""shoulders"",""weight"":0.2},{""muscle"":""biceps"",""weight"":0.1}]",Dumbbell,Isolation fly for chest on flat bench,2025-12-03 12:18:14.687086+00
34c61cd7-119d-49c8-9ccd-043c70887a5c,,Face Pull Band,face_pull,"[{""muscle"":""shoulders"",""weight"":0.6},{""muscle"":""back"",""weight"":0.4}]",Band,Face level band pull,2026-03-15 02:35:51.198472+00
3825dc94-b3c2-4656-a505-b0366449b4c5,,Triceps Kickback Dumbbell,glute_kickback,"[{""muscle"":""glutes"",""weight"":0.7},{""muscle"":""hamstrings"",""weight"":0.3}]",Dumbbell,Hip hinged triceps extension,2026-03-15 02:35:51.198472+00
3a662755-3c3d-4e5e-983c-607057787229,,Glute Bridge,glute_bridge,"[{""muscle"":""glutes"",""weight"":0.6},{""muscle"":""hamstrings"",""weight"":0.2},{""muscle"":""quads"",""weight"":0.1},{""muscle"":""core"",""weight"":0.1}]",Bodyweight,Supine hip bridge on floor,2025-12-03 12:18:14.687086+00
3d30238c-2fcf-4d25-af65-9b3d47fa2331,,Pull Apart Band,rear_delt_fly,"[{""muscle"":""shoulders"",""weight"":0.5},{""muscle"":""back"",""weight"":0.5}]",Band,Rear delt and upper back pull apart,2025-12-03 12:18:14.687086+00
40b8860d-675c-4c66-956d-3296af7b25a9,,Lat Pulldown Machine,pull_down,"[{""muscle"":""back"",""weight"":0.6},{""muscle"":""biceps"",""weight"":0.3},{""muscle"":""shoulders"",""weight"":0.1}]",Machine,Vertical pull on pulldown machine,2026-03-15 02:35:51.198472+00
4108c248-9ab4-4a9a-8a7e-b9af636b483e,,Lateral Raise Cable,shoulder_raise,"[{""muscle"":""shoulders"",""weight"":0.9},{""muscle"":""triceps"",""weight"":0.1}]",Cable,Single arm or dual cable lateral raise,2026-03-15 02:35:51.198472+00
41674656-3e85-4b54-9557-731b39330400,,Lateral Walk Band,carry,"[{""muscle"":""core"",""weight"":0.4},{""muscle"":""forearms"",""weight"":0.2},{""muscle"":""shoulders"",""weight"":0.2},{""muscle"":""back"",""weight"":0.1},{""muscle"":""quads"",""weight"":0.1}]",Band,Side steps with band around legs,2026-03-15 02:35:51.198472+00
45f684e0-51e8-497d-8ef1-1a23e86e7d4e,,Bench Press Barbell,chest_push,"[{""muscle"":""chest"",""weight"":0.5},{""muscle"":""shoulders"",""weight"":0.3},{""muscle"":""triceps"",""weight"":0.2}]",Barbell,Flat barbell press for chest strength,2026-03-15 02:35:51.198472+00
46109035-6017-40a1-a1e5-66883923e026,,Wide Grip Lat Pulldown Cable,pull_down,"[{""muscle"":""back"",""weight"":0.6},{""muscle"":""biceps"",""weight"":0.3},{""muscle"":""shoulders"",""weight"":0.1}]",Cable,Wide grip pulldown for lats,2025-12-03 12:18:14.687086+00
46ac357e-91f1-41c3-90d2-19a2291249fb,,Y Fly Suspension / TRX,chest_fly,"[{""muscle"":""chest"",""weight"":0.7},{""muscle"":""shoulders"",""weight"":0.2},{""muscle"":""biceps"",""weight"":0.1}]",Suspension / TRX,Y raise for shoulders and upper back,2026-03-15 02:35:51.198472+00
48c4fbb4-1b2e-484f-95e1-57fe51df344f,,Pike Suspension / TRX,overhead_push,"[{""muscle"":""core"",""weight"":1.0}]",Suspension / TRX,Pike from suspended plank,2026-03-15 02:35:51.198472+00
4949700b-44c1-4da6-a1b5-23d5963dd4da,,Overhead Triceps Extension Dumbbell,tricep_extension,"[{""muscle"":""triceps"",""weight"":0.8},{""muscle"":""shoulders"",""weight"":0.1},{""muscle"":""chest"",""weight"":0.1}]",Dumbbell,Seated or standing overhead triceps move,2026-03-15 02:35:51.198472+00
4a4fa78b-1361-4c58-9290-d4d5ccc3ff2f,,Reverse Lunge,lunge,"[{""muscle"":""quads"",""weight"":0.4},{""muscle"":""glutes"",""weight"":0.3},{""muscle"":""hamstrings"",""weight"":0.2},{""muscle"":""core"",""weight"":0.1}]",Bodyweight,Step back lunge variation,2026-03-15 02:35:51.198472+00
4a65b931-4b0a-4bc4-982c-007032d245be,,Inverted Row,row,"[{""muscle"":""back"",""weight"":0.6},{""muscle"":""biceps"",""weight"":0.3},{""muscle"":""shoulders"",""weight"":0.1}]",Bodyweight,Bodyweight row under bar,2025-12-03 12:18:14.687086+00
4ceb48e3-bbc3-45b8-9cd9-9c269cab6a42,,Seated Chest Press Machine,chest_push,"[{""muscle"":""chest"",""weight"":0.5},{""muscle"":""shoulders"",""weight"":0.3},{""muscle"":""triceps"",""weight"":0.2}]",Machine,Chest press on machine,2026-03-15 02:35:51.198472+00
50b2a22f-04bc-43dd-86fb-185c3dba99aa,,Crunch,ab_crunch,"[{""muscle"":""core"",""weight"":1.0}]",Bodyweight,Basic abdominal crunch,2026-03-15 02:35:51.198472+00
513a7b1b-43b5-4b02-8219-45bb6aa0ee5f,,Farmer Carry Dumbbell,carry,"[{""muscle"":""core"",""weight"":0.4},{""muscle"":""forearms"",""weight"":0.2},{""muscle"":""shoulders"",""weight"":0.2},{""muscle"":""back"",""weight"":0.1},{""muscle"":""quads"",""weight"":0.1}]",Dumbbell,Loaded carry with heavy dumbbells,2025-12-03 12:18:14.687086+00
562c305c-c029-4a86-9d1f-2a595e29a47d,,Swing Kettlebell,hinge,"[{""muscle"":""hamstrings"",""weight"":0.333},{""muscle"":""glutes"",""weight"":0.333},{""muscle"":""back"",""weight"":0.333}]",Kettlebell,Hip hinge explosive swing,2025-12-03 12:18:14.687086+00
5778bd81-deb6-4841-9c22-39f9e9474dc4,,Overhead Throw Medicine Ball,row,"[{""muscle"":""back"",""weight"":0.6},{""muscle"":""biceps"",""weight"":0.3},{""muscle"":""shoulders"",""weight"":0.1}]",Medicine Ball,Throw ball overhead,2026-03-15 02:35:51.198472+00
57ae23fc-7d4f-4711-a52c-aa60cbb19c2b,,Standing Calf Raise Dumbbell,shoulder_raise,"[{""muscle"":""shoulders"",""weight"":0.9},{""muscle"":""triceps"",""weight"":0.1}]",Dumbbell,Calf raise holding dumbbells at sides,2025-12-03 12:18:14.687086+00
58b6f969-8729-4c46-b3bc-c7c075455755,,Seated Overhead Shoulder Press Barbell,overhead_push,"[{""muscle"":""chest"",""weight"":0.5},{""muscle"":""shoulders"",""weight"":0.3},{""muscle"":""triceps"",""weight"":0.2}]",Barbell,,2026-03-23 00:25:25.176097+00
5a8bcfd1-772e-4367-b95c-6429bab69b76,,Squat Band,squat,"[{""muscle"":""quads"",""weight"":0.5},{""muscle"":""glutes"",""weight"":0.3},{""muscle"":""hamstrings"",""weight"":0.1},{""muscle"":""core"",""weight"":0.1}]",Band,Squat with band resistance,2026-03-15 02:35:51.198472+00
5a9d03b2-cbe0-4152-ae3e-feb42dfbaa72,,Crunch Cable,ab_crunch,"[{""muscle"":""core"",""weight"":1.0}]",Cable,Kneeling crunch using cable load,2026-03-15 02:35:51.198472+00
5ab14fa4-2f9b-42a9-8b27-65b0d938c597,,Triceps Pushdown Cable,tricep_extension,"[{""muscle"":""triceps"",""weight"":1.0}]",Cable,Rope or bar triceps pushdown,2025-12-03 12:18:14.687086+00
5b6646e9-90af-45c7-8577-d952bf197d44,,Row Suspension / TRX,row,"[{""muscle"":""back"",""weight"":0.6},{""muscle"":""biceps"",""weight"":0.3},{""muscle"":""shoulders"",""weight"":0.1}]",Suspension / TRX,Horizontal pull using suspension trainer,2025-12-03 12:18:14.687086+00
5dde6124-52cb-43a5-a9a6-a4d025511d74,,Good Morning Band,hinge,"[{""muscle"":""glutes"",""weight"":0.3},{""muscle"":""hamstrings"",""weight"":0.3},{""muscle"":""back"",""weight"":0.2},{""muscle"":""core"",""weight"":0.1},{""muscle"":""quads"",""weight"":0.1}]",Band,Hip hinge with band resistance,2025-12-03 12:18:14.687086+00
5e28f5cd-4342-403c-8860-7d5bda1d9d35,,Plank,anti_rotation,"[{""muscle"":""core"",""weight"":0.6},{""muscle"":""shoulders"",""weight"":0.2},{""muscle"":""back"",""weight"":0.2}]",Bodyweight,Forearm plank hold,2026-03-15 02:35:51.198472+00
5e9ab1a2-ce8a-4ae8-9d7c-b962ee67e308,,Test Machine,other,"[{""muscle"":""back"",""weight"":1.0}]",Machine,,2026-03-08 17:39:46.599846+00
5f085479-9951-4e8f-bfbe-8058a66e22f3,,Clean Kettlebell,hinge,"[{""muscle"":""full_body"",""weight"":1.0}]",Kettlebell,Clean kettlebell to rack position,2026-03-15 02:35:51.198472+00
6446e187-1cc2-4cb4-8d83-a59956413bb4,,Bench Press Dumbbell,chest_push,"[{""muscle"":""chest"",""weight"":0.5},{""muscle"":""shoulders"",""weight"":0.3},{""muscle"":""triceps"",""weight"":0.2}]",Dumbbell,Flat bench press using dumbbells,2026-03-15 02:35:51.198472+00
66260c62-57e4-4380-9b6c-377ff591d935,,High to Low Fly Cable,chest_fly,"[{""muscle"":""chest"",""weight"":0.7},{""muscle"":""shoulders"",""weight"":0.2},{""muscle"":""biceps"",""weight"":0.1}]",Cable,Downward cable fly for lower chest,2026-03-15 02:35:51.198472+00
6626ad78-072b-49b8-aeca-c5b3fd7f1076,,Squat Smith Machine,squat,"[{""muscle"":""quads"",""weight"":0.5},{""muscle"":""glutes"",""weight"":0.3},{""muscle"":""hamstrings"",""weight"":0.1},{""muscle"":""core"",""weight"":0.1}]",Smith Machine,Guided squat in Smith machine,2026-03-15 02:35:51.198472+00
670ab224-a7f2-4bf6-8418-4aee1a4fb443,,Chin Up,pull_down,"[{""muscle"":""back"",""weight"":0.6},{""muscle"":""biceps"",""weight"":0.3},{""muscle"":""shoulders"",""weight"":0.1}]",Bodyweight,Underhand grip vertical pull,2026-03-15 02:35:51.198472+00
6916b9f6-a3ae-42a2-8546-65f6962401a9,,Seated Row Machine,row,"[{""muscle"":""back"",""weight"":0.6},{""muscle"":""biceps"",""weight"":0.3},{""muscle"":""shoulders"",""weight"":0.1}]",Machine,Horizontal pull on row machine,2026-03-15 02:35:51.198472+00
6a7665c4-3eac-4932-9166-399f42dcb6a4,,Rear Delt Fly Dumbbell,rear_delt_fly,"[{""muscle"":""shoulders"",""weight"":0.7},{""muscle"":""back"",""weight"":0.3}]",Dumbbell,Bent over fly for rear delts,2026-03-15 02:35:51.198472+00
6bac2a59-e9b8-47b2-aae6-0facefe7d357,,Rotational Throw Medicine Ball,rotation,"[{""muscle"":""back"",""weight"":0.6},{""muscle"":""biceps"",""weight"":0.3},{""muscle"":""shoulders"",""weight"":0.1}]",Medicine Ball,Side rotational wall throw,2026-03-15 02:35:51.198472+00
6c297e76-8ef9-4761-88ef-3811139350e5,,Russian Twist Medicine Ball,rotation,"[{""muscle"":""core"",""weight"":0.5},{""muscle"":""shoulders"",""weight"":0.2},{""muscle"":""back"",""weight"":0.2},{""muscle"":""glutes"",""weight"":0.1}]",Medicine Ball,Seated rotational core twist,2025-12-03 12:18:14.687086+00
6c539edd-1ed7-43a3-8998-03b5cc1ed26d,,Turkish Get Up Kettlebell,other,"[{""muscle"":""full_body"",""weight"":0.5},{""muscle"":""core"",""weight"":0.5}]",Kettlebell,Full body get up with kettlebell,2025-12-03 12:18:14.687086+00
6d94fc35-d746-4f1b-b4cf-ae6202eebea9,,Good Morning Barbell,hinge,"[{""muscle"":""glutes"",""weight"":0.3},{""muscle"":""hamstrings"",""weight"":0.3},{""muscle"":""back"",""weight"":0.2},{""muscle"":""core"",""weight"":0.1},{""muscle"":""quads"",""weight"":0.1}]",Barbell,Hip hinge with bar on back,2026-03-15 02:35:51.198472+00
6d9d9b29-5029-489e-98ee-900abe6ee903,,Face Pull Cable,face_pull,"[{""muscle"":""shoulders"",""weight"":0.6},{""muscle"":""back"",""weight"":0.4}]",Cable,Upper back and rear delt cable pull,2026-03-15 02:35:51.198472+00
6f2b8503-b914-4c3c-bf1b-56e1dbbd4245,,Lunge Suspension / TRX,lunge,"[{""muscle"":""quads"",""weight"":0.4},{""muscle"":""glutes"",""weight"":0.3},{""muscle"":""hamstrings"",""weight"":0.2},{""muscle"":""core"",""weight"":0.1}]",Suspension / TRX,Assisted rear foot elevated lunge,2026-03-15 02:35:51.198472+00
722d7bc9-514f-425b-97d1-a9f6930dfdbb,,Hip Thrust,glute_bridge,"[{""muscle"":""glutes"",""weight"":0.6},{""muscle"":""hamstrings"",""weight"":0.2},{""muscle"":""quads"",""weight"":0.1},{""muscle"":""core"",""weight"":0.1}]",Bodyweight,Bodyweight hip thrust,2025-12-03 12:18:14.687086+00
737af28c-231e-48e4-a0fa-80e76d4cdb3d,,Conventional Deadlift Barbell,hinge,"[{""muscle"":""glutes"",""weight"":0.3},{""muscle"":""hamstrings"",""weight"":0.3},{""muscle"":""back"",""weight"":0.2},{""muscle"":""core"",""weight"":0.1},{""muscle"":""quads"",""weight"":0.1}]",Barbell,Floor pull using mixed or double overhand grip,2026-03-15 02:35:51.198472+00
75359611-9831-4084-a713-08e86b9e8b50,,Overhead Press Kettlebell,overhead_push,"[{""muscle"":""chest"",""weight"":0.5},{""muscle"":""shoulders"",""weight"":0.3},{""muscle"":""triceps"",""weight"":0.2}]",Kettlebell,Press kettlebell overhead,2025-12-03 12:18:14.687086+00
75cbec06-283f-4778-ac67-1e89c2cef507,,Side Plank,anti_rotation,"[{""muscle"":""core"",""weight"":0.6},{""muscle"":""shoulders"",""weight"":0.2},{""muscle"":""back"",""weight"":0.2}]",Bodyweight,Lateral plank hold,2026-03-15 02:35:51.198472+00
786878d1-0088-4ec6-a1ba-369590971799,,Step Up Dumbbell,lunge,"[{""muscle"":""quads"",""weight"":0.4},{""muscle"":""glutes"",""weight"":0.3},{""muscle"":""hamstrings"",""weight"":0.2},{""muscle"":""core"",""weight"":0.1}]",Dumbbell,Step up onto bench with dumbbells,2026-03-15 02:35:51.198472+00
78c175e9-7192-437f-9a9c-e5c3a0b5c35f,,Sumo Deadlift Barbell,hinge,"[{""muscle"":""glutes"",""weight"":0.3},{""muscle"":""hamstrings"",""weight"":0.3},{""muscle"":""back"",""weight"":0.2},{""muscle"":""core"",""weight"":0.1},{""muscle"":""quads"",""weight"":0.1}]",Barbell,Wide stance deadlift emphasizing glutes and hips,2026-03-15 02:35:51.198472+00
7a721001-766c-42ea-97fa-5e2be019ac08,,Goblet Squat Dumbbell,squat,"[{""muscle"":""quads"",""weight"":0.5},{""muscle"":""glutes"",""weight"":0.3},{""muscle"":""hamstrings"",""weight"":0.1},{""muscle"":""core"",""weight"":0.1}]",Dumbbell,Front loaded squat holding dumbbell,2026-03-15 02:35:51.198472+00
7b062e0b-7a1d-417d-973a-cfa40c6c4ed4,,Skullcrusher Barbell,tricep_extension,"[{""muscle"":""triceps"",""weight"":1.0}]",Barbell,Lying barbell triceps extension,2026-03-15 02:35:51.198472+00
7b2f3a1d-694e-4b8a-9ae4-d53babe8b209,,Biceps Curl Dumbbell,bicep_curl,"[{""muscle"":""biceps"",""weight"":0.7},{""muscle"":""forearms"",""weight"":0.2},{""muscle"":""shoulders"",""weight"":0.1}]",Dumbbell,Standing alternating dumbbell curls,2025-12-03 12:18:14.687086+00
7b424dbf-16ef-4dde-b1c9-cb07ba0a9797,,Pendlay Row Barbell,row,"[{""muscle"":""back"",""weight"":0.6},{""muscle"":""biceps"",""weight"":0.3},{""muscle"":""shoulders"",""weight"":0.1}]",Barbell,Strict bent over row from floor each rep,2025-12-03 12:18:14.687086+00
7ba404f8-60a0-42f3-9689-4c3024ee1d42,,Shrug Barbell,shrug,"[{""muscle"":""shoulders"",""weight"":0.5},{""muscle"":""back"",""weight"":0.5}]",Barbell,Trap focused shrug movement,2025-12-03 12:18:14.687086+00
7be617ae-53fa-410e-a029-bab7d95bef8c,,Burpee,other,"[{""muscle"":""full_body"",""weight"":0.5},{""muscle"":""core"",""weight"":0.5}]",Bodyweight,Full body squat thrust with jump,2025-12-03 12:18:14.687086+00
7c48faed-d4fe-4f6a-9cd2-01a8672630a1,,Close Grip Lat Pulldown Cable,pull_down,"[{""muscle"":""back"",""weight"":0.6},{""muscle"":""biceps"",""weight"":0.3},{""muscle"":""shoulders"",""weight"":0.1}]",Cable,Neutral close grip pulldown,2026-03-15 02:35:51.198472+00
7c7efb23-2ab6-47fe-b8d3-b3000098c1e3,,Neutral Grip Pull Up,pull_down,"[{""muscle"":""back"",""weight"":0.6},{""muscle"":""biceps"",""weight"":0.3},{""muscle"":""shoulders"",""weight"":0.1}]",Bodyweight,Neutral grip vertical pull,2025-12-03 12:18:14.687086+00
7d2890c5-4b4e-4c14-9342-c9a89f1d7f70,,Seated Leg Curl Machine,leg_curl,"[{""muscle"":""hamstrings"",""weight"":0.9},{""muscle"":""glutes"",""weight"":0.1}]",Machine,Machine curl for hamstring isolation,2026-03-15 02:35:51.198472+00
7e1ce03b-951c-46e1-9430-9db3a1666e0c,,Close Grip Press EZ-Bar,chest_push,"[{""muscle"":""chest"",""weight"":0.5},{""muscle"":""shoulders"",""weight"":0.3},{""muscle"":""triceps"",""weight"":0.2}]",EZ-Bar,Close grip press with EZ bar,2026-03-15 02:35:51.198472+00
7efa1781-c43a-4ca9-883e-2330925f7f69,,Hamstring Curl Suspension / TRX,bicep_curl,"[{""muscle"":""biceps"",""weight"":0.7},{""muscle"":""forearms"",""weight"":0.2},{""muscle"":""shoulders"",""weight"":0.1}]",Suspension / TRX,Supine curl with heels in straps,2026-03-15 02:35:51.198472+00
87a38c7d-0869-423e-987b-648f200e7471,,Farmer Carry Trap Bar,carry,"[{""muscle"":""core"",""weight"":0.4},{""muscle"":""forearms"",""weight"":0.2},{""muscle"":""shoulders"",""weight"":0.2},{""muscle"":""back"",""weight"":0.1},{""muscle"":""quads"",""weight"":0.1}]",Trap Bar,Loaded carry with trap bar,2025-12-03 12:18:14.687086+00
8ae7a3fa-20b0-4d98-8ff3-3bddfa5f1adf,,Push Up,chest_push,"[{""muscle"":""chest"",""weight"":0.5},{""muscle"":""shoulders"",""weight"":0.3},{""muscle"":""triceps"",""weight"":0.2}]",Bodyweight,Horizontal press from floor,2026-03-15 02:35:51.198472+00
8c9f2a20-c5db-4651-a5ac-96532955070a,,Romanian Deadlift Barbell,hinge,"[{""muscle"":""glutes"",""weight"":0.3},{""muscle"":""hamstrings"",""weight"":0.3},{""muscle"":""back"",""weight"":0.2},{""muscle"":""core"",""weight"":0.1},{""muscle"":""quads"",""weight"":0.1}]",Barbell,Hip hinge targeting hamstrings and glutes,2026-03-15 02:35:51.198472+00
8d2ed45f-85e0-4c9e-b1c8-1fa387ae6825,,Sit Up,ab_crunch,"[{""muscle"":""core"",""weight"":1.0}]",Bodyweight,Full sit up off floor,2025-12-03 12:18:14.687086+00
8f4d2099-8bdd-4cf1-a5c5-2495079e4ff5,,Chest Press Suspension / TRX,chest_push,"[{""muscle"":""chest"",""weight"":0.5},{""muscle"":""shoulders"",""weight"":0.3},{""muscle"":""triceps"",""weight"":0.2}]",Suspension / TRX,Suspension push up variation,2025-12-03 12:18:14.687086+00
8f761106-04bd-46d3-a18e-0b736daeaa29,,Lunge Barbell,lunge,"[{""muscle"":""quads"",""weight"":0.4},{""muscle"":""glutes"",""weight"":0.3},{""muscle"":""hamstrings"",""weight"":0.2},{""muscle"":""core"",""weight"":0.1}]",Barbell,Split stance lunge holding barbell,2025-12-03 12:18:14.687086+00
91561109-0c14-454a-9d78-55e87dca98a5,,Pec Deck Machine,chest_fly,"[{""muscle"":""chest"",""weight"":1.0}]",Machine,Chest fly on machine,2025-12-03 12:18:14.687086+00
94479ef8-3f0e-4d38-beff-5b3488c869a6,,Back Squat Barbell,squat,"[{""muscle"":""quads"",""weight"":0.5},{""muscle"":""glutes"",""weight"":0.3},{""muscle"":""hamstrings"",""weight"":0.1},{""muscle"":""core"",""weight"":0.1}]",Barbell,Primary squat pattern with bar on upper back,2026-03-15 02:35:51.198472+00
9547996b-fcf2-4757-9cc0-2cd4901fe8e8,,Shoulder Press Machine,overhead_push,"[{""muscle"":""chest"",""weight"":0.5},{""muscle"":""shoulders"",""weight"":0.3},{""muscle"":""triceps"",""weight"":0.2}]",Machine,Overhead press machine,2025-12-03 12:18:14.687086+00
9644fa17-5f8f-4b19-823d-5919c8bf349e,,Row Cable,row,"[{""muscle"":""back"",""weight"":0.6},{""muscle"":""biceps"",""weight"":0.3},{""muscle"":""shoulders"",""weight"":0.1}]",Cable,Seated cable row for back,2026-03-15 02:35:51.198472+00
96a55780-fbfe-48e2-9c73-4b8c26ef366e,,Dip and Leg Raise,chest_push,"[{""muscle"":""chest"",""weight"":0.5},{""muscle"":""shoulders"",""weight"":0.3},{""muscle"":""triceps"",""weight"":0.2}]",Bodyweight,,2026-03-23 01:05:13.865821+00
9cbff80e-1ef7-4953-8a92-732583156d78,,Bent Over Row Barbell,row,"[{""muscle"":""back"",""weight"":0.6},{""muscle"":""biceps"",""weight"":0.3},{""muscle"":""shoulders"",""weight"":0.1}]",Barbell,Hinged row with barbell,2026-03-15 02:35:51.198472+00
a0b2e246-b2ea-4cc7-bdea-cc412a37d5d7,,Biceps Curl Cable,bicep_curl,"[{""muscle"":""biceps"",""weight"":0.7},{""muscle"":""forearms"",""weight"":0.2},{""muscle"":""shoulders"",""weight"":0.1}]",Cable,Standing cable curl,2025-12-03 12:18:14.687086+00
a73615c4-6657-46c5-8db1-96fda9582228,,Hollow Body Hold,other,"[{""muscle"":""core"",""weight"":1.0}]",Bodyweight,Gymnastics core hold,2025-12-03 12:18:14.687086+00
a8975b94-82b5-46f6-b083-c75a38346c67,,Squat,squat,"[{""muscle"":""quads"",""weight"":0.5},{""muscle"":""glutes"",""weight"":0.3},{""muscle"":""hamstrings"",""weight"":0.1},{""muscle"":""core"",""weight"":0.1}]",Bodyweight,Air squat with bodyweight only,2025-12-03 12:18:14.687086+00
a8d7d6f3-1e3f-4969-b4c7-f6398b3aae38,,Low to High Fly Cable,chest_fly,"[{""muscle"":""chest"",""weight"":0.7},{""muscle"":""shoulders"",""weight"":0.2},{""muscle"":""biceps"",""weight"":0.1}]",Cable,Upward cable fly for upper chest,2025-12-03 12:18:14.687086+00
ab46a68e-13c0-421c-8f23-59e78736b28e,,Lat Pulldown Band,pull_down,"[{""muscle"":""back"",""weight"":0.6},{""muscle"":""biceps"",""weight"":0.3},{""muscle"":""shoulders"",""weight"":0.1}]",Band,Band anchored pulldown,2025-12-03 12:18:14.687086+00
b405a47e-599d-4845-934a-f4fd3d9115d9,,Goblet Squat Kettlebell,squat,"[{""muscle"":""quads"",""weight"":0.5},{""muscle"":""glutes"",""weight"":0.3},{""muscle"":""hamstrings"",""weight"":0.1},{""muscle"":""core"",""weight"":0.1}]",Kettlebell,Front loaded squat with kettlebell,2025-12-03 12:18:14.687086+00
b465cf67-f175-4157-9aeb-11b0a32b73c5,,IYT Suspension / TRX,other,"[{""muscle"":""shoulders"",""weight"":1.0}]",Suspension / TRX,,2026-03-27 03:52:15.458837+00
b4ea7009-04dc-40f0-b974-58f179facd3f,,Incline Bench Press Dumbbell,chest_push,"[{""muscle"":""chest"",""weight"":0.5},{""muscle"":""shoulders"",""weight"":0.3},{""muscle"":""triceps"",""weight"":0.2}]",Dumbbell,Incline dumbbell press for upper chest,2025-12-03 12:18:14.687086+00
b9ce3ddd-21c6-4206-a7b9-0f7f7b4be943,,EZ Bar Curl,bicep_curl,"[{""muscle"":""biceps"",""weight"":0.7},{""muscle"":""forearms"",""weight"":0.2},{""muscle"":""shoulders"",""weight"":0.1}]",EZ-Bar,Standing curl with EZ bar,2026-03-15 02:35:51.198472+00
ba28e566-bbf5-4653-a1c5-3c419fa5e2b9,,Row Kettlebell,row,"[{""muscle"":""back"",""weight"":0.6},{""muscle"":""biceps"",""weight"":0.3},{""muscle"":""shoulders"",""weight"":0.1}]",Kettlebell,Single arm row with kettlebell,2026-03-15 02:35:51.198472+00
c22447f9-ef79-4d19-8d24-7204b0d4a66a,,EZ Bar Skullcrusher,tricep_extension,"[{""muscle"":""triceps"",""weight"":1.0}]",EZ-Bar,Lying triceps extension with EZ bar,2025-12-03 12:18:14.687086+00
c335e39b-4a2d-4a0a-8b29-ad966de899b1,,EZ Bar Upright Row,row,"[{""muscle"":""back"",""weight"":0.6},{""muscle"":""biceps"",""weight"":0.3},{""muscle"":""shoulders"",""weight"":0.1}]",EZ-Bar,Vertical pull for shoulders,2025-12-03 12:18:14.687086+00
c3c5df6c-cad1-4d81-be9e-3406713c91b2,,Incline Push Up,chest_push,"[{""muscle"":""chest"",""weight"":0.5},{""muscle"":""shoulders"",""weight"":0.3},{""muscle"":""triceps"",""weight"":0.2}]",Bodyweight,Push up with hands elevated,2026-03-15 02:35:51.198472+00
c64ff19c-3a70-4902-a907-f6ab62d8e17b,,Shrug Trap Bar,shrug,"[{""muscle"":""shoulders"",""weight"":0.5},{""muscle"":""back"",""weight"":0.5}]",Trap Bar,Shrug using trap bar handles,2025-12-03 12:18:14.687086+00
cd346791-f3cb-42ac-a5df-87ed428c07e2,,Romanian Deadlift Smith Machine,hinge,"[{""muscle"":""glutes"",""weight"":0.3},{""muscle"":""hamstrings"",""weight"":0.3},{""muscle"":""back"",""weight"":0.2},{""muscle"":""core"",""weight"":0.1},{""muscle"":""quads"",""weight"":0.1}]",Smith Machine,RDL pattern with Smith bar,2026-03-15 02:35:51.198472+00
cf9a61b7-8784-4038-8977-8c7423d45d30,,Box Jump,other,"[{""muscle"":""quads"",""weight"":0.333},{""muscle"":""glutes"",""weight"":0.333},{""muscle"":""calves"",""weight"":0.333}]",Bodyweight,Jump onto box or platform,2026-03-15 02:35:51.198472+00
d4581e73-6e57-4665-a464-bd5855d7cfa4,,Hack Squat Machine,squat,"[{""muscle"":""quads"",""weight"":0.5},{""muscle"":""glutes"",""weight"":0.3},{""muscle"":""hamstrings"",""weight"":0.1},{""muscle"":""core"",""weight"":0.1}]",Machine,Machine assisted squat pattern,2026-03-15 02:35:51.198472+00
d63ec3bb-c33e-4231-a742-c5f449764888,,Hammer Curl Dumbbell,hammer_curl,"[{""muscle"":""biceps"",""weight"":0.6},{""muscle"":""forearms"",""weight"":0.3},{""muscle"":""shoulders"",""weight"":0.1}]",Dumbbell,Neutral grip curl variation,2025-12-03 12:18:14.687086+00
d912b61c-a9e1-407b-b524-63bcc2ab3e8c,,Single Arm Swing Kettlebell,hinge,"[{""muscle"":""hamstrings"",""weight"":0.333},{""muscle"":""glutes"",""weight"":0.333},{""muscle"":""back"",""weight"":0.333}]",Kettlebell,One arm kettlebell swing,2025-12-03 12:18:14.687086+00
f3ebe26e-69d1-4fd8-9e44-8e00e28b08d6,,Seated Calf Raise Machine,shoulder_raise,"[{""muscle"":""shoulders"",""weight"":0.9},{""muscle"":""triceps"",""weight"":0.1}]",Machine,Machine calf raise seated,2026-03-15 02:35:51.198472+00
564076d2-e30b-4320-944f-c2ea3ee59847,,Decline Bench Press Barbell,chest_push,"[{""muscle"":""chest"",""weight"":0.5},{""muscle"":""shoulders"",""weight"":0.3},{""muscle"":""triceps"",""weight"":0.2}]",Barbell,,2026-03-28 20:15:43.199014+0000
9e8c31ad-4598-4a92-9e26-6a6fdfd21495,,Decline Bench Press Dumbbell,chest_push,"[{""muscle"":""chest"",""weight"":0.5},{""muscle"":""shoulders"",""weight"":0.3},{""muscle"":""triceps"",""weight"":0.2}]",Dumbbell,,2026-03-28 20:15:43.199014+0000
cf82d0c8-77b4-40e5-94df-d1bcb18da310,,Chest Press Machine,chest_push,"[{""muscle"":""chest"",""weight"":0.5},{""muscle"":""shoulders"",""weight"":0.3},{""muscle"":""triceps"",""weight"":0.2}]",Machine,,2026-03-28 20:15:43.199014+0000
6754d498-9926-4d4b-85c3-06506a535a85,,Overhead Press Dumbbell,overhead_push,"[{""muscle"":""chest"",""weight"":0.5},{""muscle"":""shoulders"",""weight"":0.3},{""muscle"":""triceps"",""weight"":0.2}]",Dumbbell,,2026-03-28 20:15:43.199014+0000
57c2eb7c-bf4b-4d25-acbf-fb4718b19299,,Arnold Press Dumbbell,overhead_push,"[{""muscle"":""chest"",""weight"":0.5},{""muscle"":""shoulders"",""weight"":0.3},{""muscle"":""triceps"",""weight"":0.2}]",Dumbbell,,2026-03-28 20:15:43.199014+0000
fe0ff4f7-4483-488e-b855-1f21fe04713f,,Push Press Barbell,overhead_push,"[{""muscle"":""chest"",""weight"":0.5},{""muscle"":""shoulders"",""weight"":0.3},{""muscle"":""triceps"",""weight"":0.2}]",Barbell,,2026-03-28 20:15:43.199014+0000
2d21b4ed-2ff8-4a82-9746-ead1085e7e1c,,Handstand Push Up,overhead_push,"[{""muscle"":""chest"",""weight"":0.5},{""muscle"":""shoulders"",""weight"":0.3},{""muscle"":""triceps"",""weight"":0.2}]",Bodyweight,,2026-03-28 20:15:43.199014+0000
c145422b-23ed-45c2-ba65-a2a1e9be23fb,,Seated Shoulder Press Dumbbell,overhead_push,"[{""muscle"":""chest"",""weight"":0.5},{""muscle"":""shoulders"",""weight"":0.3},{""muscle"":""triceps"",""weight"":0.2}]",Dumbbell,,2026-03-28 20:15:43.199014+0000
2d498a2e-2c7f-476d-a399-7b7ff3732b5c,,Bent Over Row Dumbbell,row,"[{""muscle"":""back"",""weight"":0.6},{""muscle"":""biceps"",""weight"":0.3},{""muscle"":""shoulders"",""weight"":0.1}]",Dumbbell,,2026-03-28 20:15:43.199014+0000
1004ef0b-ad32-4467-9039-1a87e93aaf86,,Single Arm Row Dumbbell,row,"[{""muscle"":""back"",""weight"":0.6},{""muscle"":""biceps"",""weight"":0.3},{""muscle"":""shoulders"",""weight"":0.1}]",Dumbbell,,2026-03-28 20:15:43.199014+0000
f9a12132-c942-4ba9-8285-c133903b0b22,,Single Arm Row Cable,row,"[{""muscle"":""back"",""weight"":0.6},{""muscle"":""biceps"",""weight"":0.3},{""muscle"":""shoulders"",""weight"":0.1}]",Cable,,2026-03-28 20:15:43.199014+0000
450b2f8d-d628-461b-8ce2-06ba8d51286d,,Seated Row Cable,row,"[{""muscle"":""back"",""weight"":0.6},{""muscle"":""biceps"",""weight"":0.3},{""muscle"":""shoulders"",""weight"":0.1}]",Cable,,2026-03-28 20:15:43.199014+0000
97c9d856-921b-48e6-b168-dff4ec8759f1,,T Bar Row Barbell,row,"[{""muscle"":""back"",""weight"":0.6},{""muscle"":""biceps"",""weight"":0.3},{""muscle"":""shoulders"",""weight"":0.1}]",Barbell,,2026-03-28 20:15:43.199014+0000
57548b6b-d489-416c-8e86-45800f741b5d,,Inverted Row Suspension / TRX,row,"[{""muscle"":""back"",""weight"":0.6},{""muscle"":""biceps"",""weight"":0.3},{""muscle"":""shoulders"",""weight"":0.1}]",Suspension / TRX,,2026-03-28 20:15:43.199014+0000
ff54ad11-504f-4c57-b5ef-ae35d06da8eb,,Lat Pulldown Cable,pull_down,"[{""muscle"":""back"",""weight"":0.6},{""muscle"":""biceps"",""weight"":0.3},{""muscle"":""shoulders"",""weight"":0.1}]",Cable,,2026-03-28 20:15:43.199014+0000
b822bb55-0c72-4052-a375-4b5dab9c296d,,Split Squat Dumbbell,lunge,"[{""muscle"":""quads"",""weight"":0.4},{""muscle"":""glutes"",""weight"":0.3},{""muscle"":""hamstrings"",""weight"":0.2},{""muscle"":""core"",""weight"":0.1}]",Dumbbell,,2026-03-28 20:15:43.199014+0000
87b15d23-2b5f-4237-8ac5-4fa4dd573c19,,Split Squat,lunge,"[{""muscle"":""quads"",""weight"":0.4},{""muscle"":""glutes"",""weight"":0.3},{""muscle"":""hamstrings"",""weight"":0.2},{""muscle"":""core"",""weight"":0.1}]",Bodyweight,,2026-03-28 20:15:43.199014+0000
ebe5c9da-459f-489a-af82-ab6319a8a555,,Bulgarian Split Squat Barbell,lunge,"[{""muscle"":""quads"",""weight"":0.4},{""muscle"":""glutes"",""weight"":0.3},{""muscle"":""hamstrings"",""weight"":0.2},{""muscle"":""core"",""weight"":0.1}]",Barbell,,2026-03-28 20:15:43.199014+0000
162c0781-b2ab-41c9-99be-98a0fe08d19b,,Box Squat Barbell,squat,"[{""muscle"":""quads"",""weight"":0.5},{""muscle"":""glutes"",""weight"":0.3},{""muscle"":""hamstrings"",""weight"":0.1},{""muscle"":""core"",""weight"":0.1}]",Barbell,,2026-03-28 20:15:43.199014+0000
bd7c6db9-b158-47c2-94cc-17e2be8fc510,,Zercher Squat Barbell,squat,"[{""muscle"":""quads"",""weight"":0.5},{""muscle"":""glutes"",""weight"":0.3},{""muscle"":""hamstrings"",""weight"":0.1},{""muscle"":""core"",""weight"":0.1}]",Barbell,,2026-03-28 20:15:43.199014+0000
3185e382-fc67-43a2-b049-86a43ed27833,,Overhead Squat Barbell,squat,"[{""muscle"":""quads"",""weight"":0.5},{""muscle"":""glutes"",""weight"":0.3},{""muscle"":""hamstrings"",""weight"":0.1},{""muscle"":""core"",""weight"":0.1}]",Barbell,,2026-03-28 20:15:43.199014+0000
3e164541-ae2a-4dd8-9506-fb499caa59f4,,Cyclist Squat Barbell,squat,"[{""muscle"":""quads"",""weight"":0.5},{""muscle"":""glutes"",""weight"":0.3},{""muscle"":""hamstrings"",""weight"":0.1},{""muscle"":""core"",""weight"":0.1}]",Barbell,,2026-03-28 20:15:43.199014+0000
ca42b9d8-8c64-461f-bff8-62efb66cd571,,Sumo Squat Dumbbell,squat,"[{""muscle"":""quads"",""weight"":0.5},{""muscle"":""glutes"",""weight"":0.3},{""muscle"":""hamstrings"",""weight"":0.1},{""muscle"":""core"",""weight"":0.1}]",Dumbbell,,2026-03-28 20:15:43.199014+0000
f5b2a69e-d119-4171-83a2-556f43c2c2b3,,Pistol Squat,lunge,"[{""muscle"":""quads"",""weight"":0.4},{""muscle"":""glutes"",""weight"":0.3},{""muscle"":""hamstrings"",""weight"":0.2},{""muscle"":""core"",""weight"":0.1}]",Bodyweight,,2026-03-28 20:15:43.199014+0000
c33f159d-f973-42b9-877b-82387c0c96e7,,Deadlift Barbell,hinge,"[{""muscle"":""glutes"",""weight"":0.3},{""muscle"":""hamstrings"",""weight"":0.3},{""muscle"":""back"",""weight"":0.2},{""muscle"":""core"",""weight"":0.1},{""muscle"":""quads"",""weight"":0.1}]",Barbell,,2026-03-28 20:15:43.199014+0000
1e54736b-bbb8-4e05-92db-2cc28cba8d1f,,Good Morning Smith Machine,hinge,"[{""muscle"":""glutes"",""weight"":0.3},{""muscle"":""hamstrings"",""weight"":0.3},{""muscle"":""back"",""weight"":0.2},{""muscle"":""core"",""weight"":0.1},{""muscle"":""quads"",""weight"":0.1}]",Smith Machine,,2026-03-28 20:15:43.199014+0000
b756e1c3-9123-4675-9434-9a3a8ec96473,,Single Leg Deadlift Dumbbell,hinge,"[{""muscle"":""glutes"",""weight"":0.3},{""muscle"":""hamstrings"",""weight"":0.3},{""muscle"":""back"",""weight"":0.2},{""muscle"":""core"",""weight"":0.1},{""muscle"":""quads"",""weight"":0.1}]",Dumbbell,,2026-03-28 20:15:43.199014+0000
5455160f-a14a-4cf7-b4ef-d6fa7b7e2127,,Single Leg Deadlift Kettlebell,hinge,"[{""muscle"":""glutes"",""weight"":0.3},{""muscle"":""hamstrings"",""weight"":0.3},{""muscle"":""back"",""weight"":0.2},{""muscle"":""core"",""weight"":0.1},{""muscle"":""quads"",""weight"":0.1}]",Kettlebell,,2026-03-28 20:15:43.199014+0000
ca493d98-8339-43c1-bf4a-33eaa0173712,,Hip Thrust Dumbbell,hinge,"[{""muscle"":""glutes"",""weight"":0.3},{""muscle"":""hamstrings"",""weight"":0.3},{""muscle"":""back"",""weight"":0.2},{""muscle"":""core"",""weight"":0.1},{""muscle"":""quads"",""weight"":0.1}]",Dumbbell,,2026-03-28 20:15:43.199014+0000
1aa87a56-fe5b-4126-955f-c490da9ce423,,Hip Thrust Smith Machine,hinge,"[{""muscle"":""glutes"",""weight"":0.3},{""muscle"":""hamstrings"",""weight"":0.3},{""muscle"":""back"",""weight"":0.2},{""muscle"":""core"",""weight"":0.1},{""muscle"":""quads"",""weight"":0.1}]",Smith Machine,,2026-03-28 20:15:43.199014+0000
1f1e5850-1c22-4f8c-a80e-b1357d39e745,,Pull Through Cable,hinge,"[{""muscle"":""glutes"",""weight"":0.3},{""muscle"":""hamstrings"",""weight"":0.3},{""muscle"":""back"",""weight"":0.2},{""muscle"":""core"",""weight"":0.1},{""muscle"":""quads"",""weight"":0.1}]",Cable,,2026-03-28 20:15:43.199014+0000
d649505b-eb07-42b2-810f-6ab799e3a323,,Forward Lunge,lunge,"[{""muscle"":""quads"",""weight"":0.4},{""muscle"":""glutes"",""weight"":0.3},{""muscle"":""hamstrings"",""weight"":0.2},{""muscle"":""core"",""weight"":0.1}]",Bodyweight,,2026-03-28 20:15:43.199014+0000
2f4ff5be-9c68-499f-9544-06bd53a42235,,Forward Lunge Dumbbell,lunge,"[{""muscle"":""quads"",""weight"":0.4},{""muscle"":""glutes"",""weight"":0.3},{""muscle"":""hamstrings"",""weight"":0.2},{""muscle"":""core"",""weight"":0.1}]",Dumbbell,,2026-03-28 20:15:43.199014+0000
985824b2-0804-4498-a98e-9d86ef50b0e9,,Reverse Lunge Dumbbell,lunge,"[{""muscle"":""quads"",""weight"":0.4},{""muscle"":""glutes"",""weight"":0.3},{""muscle"":""hamstrings"",""weight"":0.2},{""muscle"":""core"",""weight"":0.1}]",Dumbbell,,2026-03-28 20:15:43.199014+0000
41bed373-48b3-44c1-b728-25c6582155b1,,Lateral Lunge Dumbbell,lunge,"[{""muscle"":""quads"",""weight"":0.4},{""muscle"":""glutes"",""weight"":0.3},{""muscle"":""hamstrings"",""weight"":0.2},{""muscle"":""core"",""weight"":0.1}]",Dumbbell,,2026-03-28 20:15:43.199014+0000
d1b67924-e081-439d-83f2-85b4a00ca955,,Curtsy Lunge Dumbbell,lunge,"[{""muscle"":""quads"",""weight"":0.4},{""muscle"":""glutes"",""weight"":0.3},{""muscle"":""hamstrings"",""weight"":0.2},{""muscle"":""core"",""weight"":0.1}]",Dumbbell,,2026-03-28 20:15:43.199014+0000
e72a3fe7-ec5b-444a-85a8-bd73083b537c,,Step Up,lunge,"[{""muscle"":""quads"",""weight"":0.4},{""muscle"":""glutes"",""weight"":0.3},{""muscle"":""hamstrings"",""weight"":0.2},{""muscle"":""core"",""weight"":0.1}]",Bodyweight,,2026-03-28 20:15:43.199014+0000
93d203a0-8653-4292-94fa-3f0db3a91fb6,,Farmers Walk Dumbbell,carry,"[{""muscle"":""core"",""weight"":0.4},{""muscle"":""forearms"",""weight"":0.2},{""muscle"":""shoulders"",""weight"":0.2},{""muscle"":""back"",""weight"":0.1},{""muscle"":""quads"",""weight"":0.1}]",Dumbbell,,2026-03-28 20:15:43.199014+0000
46a6c552-926f-4eb3-a7dd-cc095ee29daf,,Farmers Walk Kettlebell,carry,"[{""muscle"":""core"",""weight"":0.4},{""muscle"":""forearms"",""weight"":0.2},{""muscle"":""shoulders"",""weight"":0.2},{""muscle"":""back"",""weight"":0.1},{""muscle"":""quads"",""weight"":0.1}]",Kettlebell,,2026-03-28 20:15:43.199014+0000
2f4773fb-e83e-434e-b3e9-db41030e5a43,,Suitcase Carry Dumbbell,carry,"[{""muscle"":""core"",""weight"":0.4},{""muscle"":""forearms"",""weight"":0.2},{""muscle"":""shoulders"",""weight"":0.2},{""muscle"":""back"",""weight"":0.1},{""muscle"":""quads"",""weight"":0.1}]",Dumbbell,,2026-03-28 20:15:43.199014+0000
4ead1be0-0418-4fe6-bac6-74ac0f97553d,,Suitcase Carry Kettlebell,carry,"[{""muscle"":""core"",""weight"":0.4},{""muscle"":""forearms"",""weight"":0.2},{""muscle"":""shoulders"",""weight"":0.2},{""muscle"":""back"",""weight"":0.1},{""muscle"":""quads"",""weight"":0.1}]",Kettlebell,,2026-03-28 20:15:43.199014+0000
0e9aa839-335b-4a5c-804e-29798ace151e,,Carry Trap Bar,carry,"[{""muscle"":""core"",""weight"":0.4},{""muscle"":""forearms"",""weight"":0.2},{""muscle"":""shoulders"",""weight"":0.2},{""muscle"":""back"",""weight"":0.1},{""muscle"":""quads"",""weight"":0.1}]",Trap Bar,,2026-03-28 20:15:43.199014+0000
625f2a4d-797e-44b5-902e-7652340b2453,,Front Rack Carry Kettlebell,carry,"[{""muscle"":""core"",""weight"":0.4},{""muscle"":""forearms"",""weight"":0.2},{""muscle"":""shoulders"",""weight"":0.2},{""muscle"":""back"",""weight"":0.1},{""muscle"":""quads"",""weight"":0.1}]",Kettlebell,,2026-03-28 20:15:43.199014+0000
b2cfc67f-eccd-4116-85d0-472ed17868ea,,Overhead Carry Dumbbell,carry,"[{""muscle"":""core"",""weight"":0.4},{""muscle"":""forearms"",""weight"":0.2},{""muscle"":""shoulders"",""weight"":0.2},{""muscle"":""back"",""weight"":0.1},{""muscle"":""quads"",""weight"":0.1}]",Dumbbell,,2026-03-28 20:15:43.199014+0000
c8fbb98e-e3bb-4862-91a1-db56ff28394f,,Overhead Carry Kettlebell,carry,"[{""muscle"":""core"",""weight"":0.4},{""muscle"":""forearms"",""weight"":0.2},{""muscle"":""shoulders"",""weight"":0.2},{""muscle"":""back"",""weight"":0.1},{""muscle"":""quads"",""weight"":0.1}]",Kettlebell,,2026-03-28 20:15:43.199014+0000
3c4bc2e0-44b9-4e64-89ea-1b82eba1f914,,Woodchopper Cable,rotation,"[{""muscle"":""core"",""weight"":0.5},{""muscle"":""shoulders"",""weight"":0.2},{""muscle"":""back"",""weight"":0.2},{""muscle"":""glutes"",""weight"":0.1}]",Cable,,2026-03-28 20:15:43.199014+0000
65783998-6677-4110-807b-45982ac72a28,,Cable Woodchopper Band,rotation,"[{""muscle"":""core"",""weight"":0.5},{""muscle"":""shoulders"",""weight"":0.2},{""muscle"":""back"",""weight"":0.2},{""muscle"":""glutes"",""weight"":0.1}]",Band,,2026-03-28 20:15:43.199014+0000
3abc9a56-e76f-4857-867d-844bf27cd7ed,,Landmine Rotation Barbell,rotation,"[{""muscle"":""core"",""weight"":0.5},{""muscle"":""shoulders"",""weight"":0.2},{""muscle"":""back"",""weight"":0.2},{""muscle"":""glutes"",""weight"":0.1}]",Barbell,,2026-03-28 20:15:43.199014+0000
e5a0d8e8-9a17-46b0-a6e2-4fa1fa87c7cf,,Russian Twist,rotation,"[{""muscle"":""core"",""weight"":0.5},{""muscle"":""shoulders"",""weight"":0.2},{""muscle"":""back"",""weight"":0.2},{""muscle"":""glutes"",""weight"":0.1}]",Bodyweight,,2026-03-28 20:15:43.199014+0000
fc01ee0b-ebd8-4c61-b099-f08968dea3f3,,Torso Rotation Cable,rotation,"[{""muscle"":""core"",""weight"":0.5},{""muscle"":""shoulders"",""weight"":0.2},{""muscle"":""back"",""weight"":0.2},{""muscle"":""glutes"",""weight"":0.1}]",Cable,,2026-03-28 20:15:43.199014+0000
d5f1c397-f96b-4b59-9e7b-b92b8fdeda19,,Chop Cable,rotation,"[{""muscle"":""core"",""weight"":0.5},{""muscle"":""shoulders"",""weight"":0.2},{""muscle"":""back"",""weight"":0.2},{""muscle"":""glutes"",""weight"":0.1}]",Cable,,2026-03-28 20:15:43.199014+0000
da254945-4e7d-4785-a5d1-7804f5932161,,Cable Chop Band,rotation,"[{""muscle"":""core"",""weight"":0.5},{""muscle"":""shoulders"",""weight"":0.2},{""muscle"":""back"",""weight"":0.2},{""muscle"":""glutes"",""weight"":0.1}]",Band,,2026-03-28 20:15:43.199014+0000
52fa6884-8444-467c-824c-e99d7125c6c0,,Pallof Press Cable,anti_rotation,"[{""muscle"":""core"",""weight"":0.6},{""muscle"":""shoulders"",""weight"":0.2},{""muscle"":""back"",""weight"":0.2}]",Cable,,2026-03-28 20:15:43.199014+0000
20206e48-e284-46c5-9d60-9fe2e052978d,,Pallof Press Band,anti_rotation,"[{""muscle"":""core"",""weight"":0.6},{""muscle"":""shoulders"",""weight"":0.2},{""muscle"":""back"",""weight"":0.2}]",Band,,2026-03-28 20:15:43.199014+0000
07c33f13-f0b2-4025-a6d1-94d5eba6fd35,,Plank Drag Kettlebell,anti_rotation,"[{""muscle"":""core"",""weight"":0.6},{""muscle"":""shoulders"",""weight"":0.2},{""muscle"":""back"",""weight"":0.2}]",Kettlebell,,2026-03-28 20:15:43.199014+0000
3cd46510-5192-4b06-9fc4-e52a615f2367,,Bird Dog,anti_rotation,"[{""muscle"":""core"",""weight"":0.6},{""muscle"":""shoulders"",""weight"":0.2},{""muscle"":""back"",""weight"":0.2}]",Bodyweight,,2026-03-28 20:15:43.199014+0000
0ec92273-333f-4908-8564-710ac7be2d6d,,Renegade Row Dumbbell,anti_rotation,"[{""muscle"":""core"",""weight"":0.6},{""muscle"":""shoulders"",""weight"":0.2},{""muscle"":""back"",""weight"":0.2}]",Dumbbell,,2026-03-28 20:15:43.199014+0000
de4c8c9a-fac6-4a94-a458-facf1bcc2f1c,,Dead Hang,hang,"[{""muscle"":""back"",""weight"":0.4},{""muscle"":""forearms"",""weight"":0.4},{""muscle"":""shoulders"",""weight"":0.2}]",Bodyweight,,2026-03-28 20:15:43.199014+0000
3e13b545-9646-43a6-8846-5ad8e82c8083,,Scap Pull Up,hang,"[{""muscle"":""back"",""weight"":0.4},{""muscle"":""forearms"",""weight"":0.4},{""muscle"":""shoulders"",""weight"":0.2}]",Bodyweight,,2026-03-28 20:15:43.199014+0000
f75ade98-a9de-4a01-a21e-f83ba856d1d3,,Single Arm Hang,hang,"[{""muscle"":""back"",""weight"":0.4},{""muscle"":""forearms"",""weight"":0.4},{""muscle"":""shoulders"",""weight"":0.2}]",Bodyweight,,2026-03-28 20:15:43.199014+0000
093e32bb-0bb1-4507-8887-bf20334fcedc,,Bicep Curl Dumbbell,bicep_curl,"[{""muscle"":""biceps"",""weight"":0.7},{""muscle"":""forearms"",""weight"":0.2},{""muscle"":""shoulders"",""weight"":0.1}]",Dumbbell,,2026-03-28 20:15:43.199014+0000
97bf491a-41cc-431f-ace5-bdfac9536e7e,,Bicep Curl Barbell,bicep_curl,"[{""muscle"":""biceps"",""weight"":0.7},{""muscle"":""forearms"",""weight"":0.2},{""muscle"":""shoulders"",""weight"":0.1}]",Barbell,,2026-03-28 20:15:43.199014+0000
25caf114-21c8-400c-8d77-21d89da54151,,Bicep Curl EZ-Bar,bicep_curl,"[{""muscle"":""biceps"",""weight"":0.7},{""muscle"":""forearms"",""weight"":0.2},{""muscle"":""shoulders"",""weight"":0.1}]",EZ-Bar,,2026-03-28 20:15:43.199014+0000
80772322-d8d0-4aa8-89cf-5cacf19fb533,,Bicep Curl Cable,bicep_curl,"[{""muscle"":""biceps"",""weight"":0.7},{""muscle"":""forearms"",""weight"":0.2},{""muscle"":""shoulders"",""weight"":0.1}]",Cable,,2026-03-28 20:15:43.199014+0000
b376f6df-4450-4ad8-88f9-129d48e8b638,,Concentration Curl Dumbbell,bicep_curl,"[{""muscle"":""biceps"",""weight"":0.7},{""muscle"":""forearms"",""weight"":0.2},{""muscle"":""shoulders"",""weight"":0.1}]",Dumbbell,,2026-03-28 20:15:43.199014+0000
1f8f206c-e7dc-4276-ac2d-7908121bdb9f,,Preacher Curl Barbell,bicep_curl,"[{""muscle"":""biceps"",""weight"":0.7},{""muscle"":""forearms"",""weight"":0.2},{""muscle"":""shoulders"",""weight"":0.1}]",Barbell,,2026-03-28 20:15:43.199014+0000
3db83942-0a63-4f57-aee2-f50c4cfa8563,,Preacher Curl EZ-Bar,bicep_curl,"[{""muscle"":""biceps"",""weight"":0.7},{""muscle"":""forearms"",""weight"":0.2},{""muscle"":""shoulders"",""weight"":0.1}]",EZ-Bar,,2026-03-28 20:15:43.199014+0000
e57fac24-c68f-4b95-af98-424f3adce3d3,,Preacher Curl Dumbbell,bicep_curl,"[{""muscle"":""biceps"",""weight"":0.7},{""muscle"":""forearms"",""weight"":0.2},{""muscle"":""shoulders"",""weight"":0.1}]",Dumbbell,,2026-03-28 20:15:43.199014+0000
a9c198a4-2103-4111-8a8a-3ca641f90ec2,,Spider Curl Barbell,bicep_curl,"[{""muscle"":""biceps"",""weight"":0.7},{""muscle"":""forearms"",""weight"":0.2},{""muscle"":""shoulders"",""weight"":0.1}]",Barbell,,2026-03-28 20:15:43.199014+0000
f44773b4-3f0e-4893-a62f-789f16948dce,,Spider Curl EZ-Bar,bicep_curl,"[{""muscle"":""biceps"",""weight"":0.7},{""muscle"":""forearms"",""weight"":0.2},{""muscle"":""shoulders"",""weight"":0.1}]",EZ-Bar,,2026-03-28 20:15:43.199014+0000
b8dbb47f-6de9-4b02-a47e-67c2c7326cbf,,Curl Cable,bicep_curl,"[{""muscle"":""biceps"",""weight"":0.7},{""muscle"":""forearms"",""weight"":0.2},{""muscle"":""shoulders"",""weight"":0.1}]",Cable,,2026-03-28 20:15:43.199014+0000
4b2eeacd-079c-4a1e-b476-fe6112844318,,Tricep Pushdown Cable,tricep_extension,"[{""muscle"":""triceps"",""weight"":0.8},{""muscle"":""shoulders"",""weight"":0.1},{""muscle"":""chest"",""weight"":0.1}]",Cable,,2026-03-28 20:15:43.199014+0000
19409239-bca6-4ebc-ba4f-0e7f25c9f34c,,Tricep Pushdown Band,tricep_extension,"[{""muscle"":""triceps"",""weight"":0.8},{""muscle"":""shoulders"",""weight"":0.1},{""muscle"":""chest"",""weight"":0.1}]",Band,,2026-03-28 20:15:43.199014+0000
bcb72759-aa75-40e8-a83b-cb0027d0d0d9,,Rope Pushdown Cable,tricep_extension,"[{""muscle"":""triceps"",""weight"":0.8},{""muscle"":""shoulders"",""weight"":0.1},{""muscle"":""chest"",""weight"":0.1}]",Cable,,2026-03-28 20:15:43.199014+0000
42fd45d5-9e7d-4e54-847b-f2f38ffcad66,,Overhead Tricep Extension Dumbbell,tricep_extension,"[{""muscle"":""triceps"",""weight"":0.8},{""muscle"":""shoulders"",""weight"":0.1},{""muscle"":""chest"",""weight"":0.1}]",Dumbbell,,2026-03-28 20:15:43.199014+0000
cfd87d7b-b86d-455b-b3fc-26d0615e2fed,,Skull Crusher EZ-Bar,tricep_extension,"[{""muscle"":""triceps"",""weight"":0.8},{""muscle"":""shoulders"",""weight"":0.1},{""muscle"":""chest"",""weight"":0.1}]",EZ-Bar,,2026-03-28 20:15:43.199014+0000
d9c02843-2ec6-44c5-a6ea-476dc971f390,,Skull Crusher Barbell,tricep_extension,"[{""muscle"":""triceps"",""weight"":0.8},{""muscle"":""shoulders"",""weight"":0.1},{""muscle"":""chest"",""weight"":0.1}]",Barbell,,2026-03-28 20:15:43.199014+0000
cfc80c37-45f8-4a12-8d5b-fd56709908a7,,Tricep Dip,tricep_dip,"[{""muscle"":""triceps"",""weight"":0.6},{""muscle"":""chest"",""weight"":0.3},{""muscle"":""shoulders"",""weight"":0.1}]",Bodyweight,,2026-03-28 20:15:43.199014+0000
41560b2f-62bc-4c7e-b5f2-caaac797868f,,Tricep Dip Machine,tricep_dip,"[{""muscle"":""triceps"",""weight"":0.6},{""muscle"":""chest"",""weight"":0.3},{""muscle"":""shoulders"",""weight"":0.1}]",Machine,,2026-03-28 20:15:43.199014+0000
6634cd28-446f-4c59-853b-98ada3c7aaf4,,Lateral Raise Machine,shoulder_raise,"[{""muscle"":""shoulders"",""weight"":0.9},{""muscle"":""triceps"",""weight"":0.1}]",Machine,,2026-03-28 20:15:43.199014+0000
a18caccc-8ef8-4ef8-8bbe-edecc7cd5145,,Front Raise Dumbbell,front_raise,"[{""muscle"":""shoulders"",""weight"":0.9},{""muscle"":""core"",""weight"":0.1}]",Dumbbell,,2026-03-28 20:15:43.199014+0000
d566e7e3-b538-42db-b994-27a6204f7931,,Front Raise Cable,front_raise,"[{""muscle"":""shoulders"",""weight"":0.9},{""muscle"":""core"",""weight"":0.1}]",Cable,,2026-03-28 20:15:43.199014+0000
9c7a855f-487f-44cf-aac3-a8accfe532d0,,Rear Delt Fly Machine,rear_delt_fly,"[{""muscle"":""shoulders"",""weight"":0.7},{""muscle"":""back"",""weight"":0.3}]",Machine,,2026-03-28 20:15:43.199014+0000
acc7dc67-314f-473f-a61f-7d7c480343e1,,Rear Delt Fly Cable,rear_delt_fly,"[{""muscle"":""shoulders"",""weight"":0.7},{""muscle"":""back"",""weight"":0.3}]",Cable,,2026-03-28 20:15:43.199014+0000
8b0ccbbc-cc5c-4552-b948-1cb05da55ae3,,Chest Fly Dumbbell,chest_fly,"[{""muscle"":""chest"",""weight"":0.7},{""muscle"":""shoulders"",""weight"":0.2},{""muscle"":""biceps"",""weight"":0.1}]",Dumbbell,,2026-03-28 20:15:43.199014+0000
c4ff07cd-4108-4672-b37a-b3b2f02bcd4e,,Chest Fly Machine,chest_fly,"[{""muscle"":""chest"",""weight"":0.7},{""muscle"":""shoulders"",""weight"":0.2},{""muscle"":""biceps"",""weight"":0.1}]",Machine,,2026-03-28 20:15:43.199014+0000
9c0592c7-943e-4916-afd8-d8117285167f,,Incline Chest Fly Dumbbell,chest_fly,"[{""muscle"":""chest"",""weight"":0.7},{""muscle"":""shoulders"",""weight"":0.2},{""muscle"":""biceps"",""weight"":0.1}]",Dumbbell,,2026-03-28 20:15:43.199014+0000
d980a665-da0b-4a02-a6fc-d39433ab50ef,,Decline Chest Fly Dumbbell,chest_fly,"[{""muscle"":""chest"",""weight"":0.7},{""muscle"":""shoulders"",""weight"":0.2},{""muscle"":""biceps"",""weight"":0.1}]",Dumbbell,,2026-03-28 20:15:43.199014+0000
fb94461e-5667-46d2-9217-d9fc29b2c99d,,Pec Deck Fly Machine,chest_fly,"[{""muscle"":""chest"",""weight"":0.7},{""muscle"":""shoulders"",""weight"":0.2},{""muscle"":""biceps"",""weight"":0.1}]",Machine,,2026-03-28 20:15:43.199014+0000
5c0c34dd-86e5-49a2-9394-2882892a5027,,Leg Curl Machine,leg_curl,"[{""muscle"":""hamstrings"",""weight"":0.9},{""muscle"":""glutes"",""weight"":0.1}]",Machine,,2026-03-28 20:15:43.199014+0000
e84aabc3-a57b-49f7-adb2-d939f4193d94,,Calf Raise Machine,calf_raise,"[{""muscle"":""calves"",""weight"":1.0}]",Machine,,2026-03-28 20:15:43.199014+0000
c4d3902f-9b11-4518-93ba-89217d1cc0a2,,Calf Raise Smith Machine,calf_raise,"[{""muscle"":""calves"",""weight"":1.0}]",Smith Machine,,2026-03-28 20:15:43.199014+0000
e7a2f26c-68e6-4ac4-a406-49d406bfb87c,,Calf Raise,calf_raise,"[{""muscle"":""calves"",""weight"":1.0}]",Bodyweight,,2026-03-28 20:15:43.199014+0000
dd71e743-4bf0-4c47-92e6-1ff526536f76,,Ab Crunch Machine,ab_crunch,"[{""muscle"":""core"",""weight"":1.0}]",Machine,,2026-03-28 20:15:43.199014+0000
eaecd9b4-36c1-41fd-b3bf-ebd94b15adf1,,Ab Crunch Cable,ab_crunch,"[{""muscle"":""core"",""weight"":1.0}]",Cable,,2026-03-28 20:15:43.199014+0000
680e03fa-5aae-4b2d-b9c1-0af10091b4ad,,Ab Crunch,ab_crunch,"[{""muscle"":""core"",""weight"":1.0}]",Bodyweight,,2026-03-28 20:15:43.199014+0000
053df36d-47f8-4cf7-9cda-a740a3ae6f16,,Oblique Crunch,ab_crunch,"[{""muscle"":""core"",""weight"":1.0}]",Bodyweight,,2026-03-28 20:15:43.199014+0000
5537b23a-9d34-4e81-9318-69ffd0349ae2,,Hip Thrust Machine,glute_bridge,"[{""muscle"":""glutes"",""weight"":0.6},{""muscle"":""hamstrings"",""weight"":0.2},{""muscle"":""quads"",""weight"":0.1},{""muscle"":""core"",""weight"":0.1}]",Machine,,2026-03-28 20:15:43.199014+0000
566de155-4d4f-4351-b43a-31a99fcac889,,Glute Bridge Dumbbell,glute_bridge,"[{""muscle"":""glutes"",""weight"":0.6},{""muscle"":""hamstrings"",""weight"":0.2},{""muscle"":""quads"",""weight"":0.1},{""muscle"":""core"",""weight"":0.1}]",Dumbbell,,2026-03-28 20:15:43.199014+0000
15bdc995-896a-4b09-8c11-b5f0420df523,,Hip Abduction Machine,hip_abduction_adduction,"[{""muscle"":""glutes"",""weight"":0.6},{""muscle"":""hamstrings"",""weight"":0.2},{""muscle"":""quads"",""weight"":0.2}]",Machine,,2026-03-28 20:15:43.199014+0000
d31bca5e-1722-4546-acaa-e20710539a82,,Hip Adduction Machine,hip_abduction_adduction,"[{""muscle"":""glutes"",""weight"":0.6},{""muscle"":""hamstrings"",""weight"":0.2},{""muscle"":""quads"",""weight"":0.2}]",Machine,,2026-03-28 20:15:43.199014+0000
435fbeb9-4940-43f2-a96a-c39875c1bd81,,Glute Kickback Cable,glute_kickback,"[{""muscle"":""glutes"",""weight"":0.7},{""muscle"":""hamstrings"",""weight"":0.3}]",Cable,,2026-03-28 20:15:43.199014+0000
6ecf2a88-0ca5-4ba0-824e-6ac872fd9288,,Glute Kickback Machine,glute_kickback,"[{""muscle"":""glutes"",""weight"":0.7},{""muscle"":""hamstrings"",""weight"":0.3}]",Machine,,2026-03-28 20:15:43.199014+0000
331cb876-bcdd-424d-8333-2cefcf0cbdd3,,Hyperextension Machine,hinge,"[{""muscle"":""glutes"",""weight"":0.3},{""muscle"":""hamstrings"",""weight"":0.3},{""muscle"":""back"",""weight"":0.2},{""muscle"":""core"",""weight"":0.1},{""muscle"":""quads"",""weight"":0.1}]",Machine,,2026-03-28 20:15:43.199014+0000
cedbab51-2874-4265-9dd0-22e197408ee0,,Hyperextension,hinge,"[{""muscle"":""glutes"",""weight"":0.3},{""muscle"":""hamstrings"",""weight"":0.3},{""muscle"":""back"",""weight"":0.2},{""muscle"":""core"",""weight"":0.1},{""muscle"":""quads"",""weight"":0.1}]",Bodyweight,,2026-03-28 20:15:43.199014+0000
a946db69-c81f-44b2-afd0-1411a436546d,,Shrug Dumbbell,shrug,"[{""muscle"":""shoulders"",""weight"":0.5},{""muscle"":""back"",""weight"":0.5}]",Dumbbell,,2026-03-28 20:15:43.199014+0000
6279220f-5083-4a9b-8a32-2271ace08205,,Wrist Curl Dumbbell,wrist_curl,"[{""muscle"":""forearms"",""weight"":1.0}]",Dumbbell,,2026-03-28 20:15:43.199014+0000
34b8732d-3377-4ad8-b7c8-6f32fdc1f999,,Wrist Curl Barbell,wrist_curl,"[{""muscle"":""forearms"",""weight"":1.0}]",Barbell,,2026-03-28 20:15:43.199014+0000
33c470bb-a8bc-4bc6-aaf2-97d9e8e6604a,,Reverse Wrist Curl Dumbbell,wrist_curl,"[{""muscle"":""forearms"",""weight"":1.0}]",Dumbbell,,2026-03-28 20:15:43.199014+0000
2d58c870-0d47-4719-a2fc-10aa02ec75d6,,Reverse Wrist Curl Barbell,wrist_curl,"[{""muscle"":""forearms"",""weight"":1.0}]",Barbell,,2026-03-28 20:15:43.199014+0000
